Ubump_inst,Object_type,Reference_name,Orientation,X_origin,Y_origin,Port_name,Net_Name,Comments
BuPAD_VDDIO_B_0,Ubump,PAD70GU_SL,R0,134.5,0.0,VDDIO_B_0,VDDIO_B_0,none
BuPAD_VSSIO_B_0,Ubump,PAD70NU_SL,R0,203.0,0.0,VSSIO_B_0,VSSIO_B_0,none
BuPAD_P1_00,Ubump,PAD70GU_SL,R0,271.5,0.0,P1[0],P1[0],none
BuPAD_VDD_B_0,Ubump,PAD70NU_SL,R0,340.0,0.0,VDD_B_0,VDD_B_0,none
BuPAD_VSS_B_0,Ubump,PAD70GU_SL,R0,408.5,0.0,VSS_B_0,VSS_B_0,none
BuPAD_P1_01,Ubump,PAD70NU_SL,R0,477.0,0.0,P1[1],P1[1],none
BuPAD_VDDIO_B_1,Ubump,PAD70GU_SL,R0,545.5,0.0,VDDIO_B_1,VDDIO_B_1,none
BuPAD_VSSIO_B_1,Ubump,PAD70NU_SL,R0,614.0,0.0,VSSIO_B_1,VSSIO_B_1,none
BuPAD_P1_03,Ubump,PAD70GU_SL,R0,682.5,0.0,P1[2],P1[2],none
BuPAD_VDD_B_1,Ubump,PAD70NU_SL,R0,751.0,0.0,VDD_B_1,VDD_B_1,none
BuPAD_VSS_B_1,Ubump,PAD70GU_SL,R0,819.5,0.0,VSS_B_1,VSS_B_1,none
BuPAD_NRST_I,Ubump,PAD70NU_SL,R0,888.0,0.0,NRST_I,NRST_I,none
BuPAD_VDDIO_B_2,Ubump,PAD70GU_SL,R0,956.5,0.0,VDDIO_B_2,VDDIO_B_2,none
BuPAD_VSSIO_B_2,Ubump,PAD70NU_SL,R0,1025.0,0.0,VSSIO_B_2,VSSIO_B_2,none
BuPAD_P1_04,Ubump,PAD70GU_SL,R0,1093.5,0.0,P1[4],P1[4],none
BuPAD_P1_05,Ubump,PAD70NU_SL,R0,1162.0,0.0,P1[5],P1[5],none
BuPAD_VDD_B_2,Ubump,PAD70GU_SL,R0,1230.5,0.0,VDD_B_2,VDD_B_2,none
BuPAD_STRAP_I,Ubump,PAD70NU_SL,R0,1299.0,0.0,STRAP_I,STRAP_I,none
BuPAD_SE_I,Ubump,PAD70GU_SL,R0,1367.5,0.0,SE_I,SE_I,none
BuPAD_TEST_I,Ubump,PAD70NU_SL,R0,1436.0,0.0,TEST_I,TEST_I,none
BuPAD_VDDIO_T_0,Ubump,PAD70GU_SL,R180,139.5,1926.37,VDDIO_T_0,VDDIO_T_0,none
BuPAD_VSSIO_T_0,Ubump,PAD70NU_SL,R180,208.0,1722.37,VSSIO_T_0,VSSIO_T_0,none
BuPAD_SWDCK_I,Ubump,PAD70GU_SL,R180,276.5,1926.37,SWDCK_I,SWDCK_I,none
BuPAD_VDD_T_0,Ubump,PAD70NU_SL,R180,345.0,1722.37,VDD_T_0,VDD_T_0,none
BuPAD_VSS_T_0,Ubump,PAD70GU_SL,R180,413.5,1926.37,VSS_T_0,VSS_T_0,none
BuPAD_SWDIO_IO,Ubump,PAD70NU_SL,R180,482.0,1722.37,SWDIO_IO,SWDIO_IO,none
BuPAD_CLK_I,Ubump,PAD70GU_SL,R180,550.5,1926.37,CLK_I,CLK_I,none
BuPAD_QSPI_SCLK,Ubump,PAD70NU_SL,R180,619.0,1722.37,QSPI_SCLK,QSPI_SCLK,none
BuPAD_VDDIO_T_1,Ubump,PAD70GU_SL,R180,687.5,1926.37,VDDIO_T_1,VDDIO_T_1,none
BuPAD_VSSIO_T_1,Ubump,PAD70NU_SL,R180,756.0,1722.37,VSSIO_T_1,VSSIO_T_1,none
BuPAD_QSPI_IO_0,Ubump,PAD70GU_SL,R180,824.5,1926.37,QSPI_IO[0],QSPI_IO[0],none
BuPAD_QSPI_IO_1,Ubump,PAD70NU_SL,R180,893.0,1722.37,QSPI_IO[1],QSPI_IO[1],none
BuPAD_VDD_T_1,Ubump,PAD70GU_SL,R180,961.5,1926.37,VDD_T_1,VDD_T_1,none
BuPAD_VSS_T_1,Ubump,PAD70NU_SL,R180,1030.0,1722.37,VSS_T_1,VSS_T_1,none
BuPAD_QSPI_IO_2,Ubump,PAD70GU_SL,R180,1098.5,1926.37,QSPI_IO[2],QSPI_IO[2],none
BuPAD_QSPI_IO_3,Ubump,PAD70NU_SL,R180,1167.0,1722.37,QSPI_IO[3],QSPI_IO[3],none
BuPAD_QSPI_nCS,Ubump,PAD70GU_SL,R180,1235.5,1926.37,QSPI_nCS,QSPI_nCS,none
BuPAD_VDDIO_T_2,Ubump,PAD70NU_SL,R180,1304.0,1722.37,VDDIO_T_2,VDDIO_T_2,none
BuPAD_VDD_T_2,Ubump,PAD70GU_SL,R180,1372.5,1926.37,VDD_T_2,VDD_T_2,none
BuPAD_VSSIO_T_2,Ubump,PAD70NU_SL,R180,1441.0,1722.37,VSSIO_T_2,VSSIO_T_2,none
BuPAD_D2D_RESET_1,Ubump,PAD70GU_SL,R270,0.0,1824.5,D2D_RESET_1,D2D_RESET_1,none
BuPAD_D2D_RX_1_0,Ubump,PAD70GU_SL,R270,0.0,784.5,D2D_RX_1[0],D2D_RX_1[0],none
BuPAD_D2D_RX_1_1,Ubump,PAD70NU_SL,R270,0.0,719.5,D2D_RX_1[1],D2D_RX_1[1],none
BuPAD_D2D_RX_1_2,Ubump,PAD70GU_SL,R270,0.0,654.5,D2D_RX_1[2],D2D_RX_1[2],none
BuPAD_D2D_RX_1_3,Ubump,PAD70NU_SL,R270,0.0,589.5,D2D_RX_1[3],D2D_RX_1[3],none
BuPAD_D2D_RX_1_4,Ubump,PAD70NU_SL,R270,0.0,329.5,D2D_RX_1[4],D2D_RX_1[4],none
BuPAD_D2D_RX_1_5,Ubump,PAD70GU_SL,R270,0.0,264.5,D2D_RX_1[5],D2D_RX_1[5],none
BuPAD_D2D_RX_1_6,Ubump,PAD70NU_SL,R270,0.0,199.5,D2D_RX_1[6],D2D_RX_1[6],none
BuPAD_D2D_RX_1_7,Ubump,PAD70GU_SL,R270,0.0,134.5,D2D_RX_1[7],D2D_RX_1[7],none
BuPAD_D2D_RX_CLK_1,Ubump,PAD70GU_SL,R270,0.0,394.5,D2D_RX_CLK_1,D2D_RX_CLK_1,none
BuPAD_D2D_TX_1_0,Ubump,PAD70NU_SL,R270,0.0,1759.5,D2D_TX_1[0],D2D_TX_1[0],none
BuPAD_D2D_TX_1_1,Ubump,PAD70GU_SL,R270,0.0,1694.5,D2D_TX_1[1],D2D_TX_1[1],none
BuPAD_D2D_TX_1_2,Ubump,PAD70NU_SL,R270,0.0,1629.5,D2D_TX_1[2],D2D_TX_1[2],none
BuPAD_D2D_TX_1_3,Ubump,PAD70GU_SL,R270,0.0,1564.5,D2D_TX_1[3],D2D_TX_1[3],none
BuPAD_D2D_TX_1_4,Ubump,PAD70GU_SL,R270,0.0,1304.5,D2D_TX_1[4],D2D_TX_1[4],none
BuPAD_D2D_TX_1_5,Ubump,PAD70NU_SL,R270,0.0,1239.5,D2D_TX_1[5],D2D_TX_1[5],none
BuPAD_D2D_TX_1_6,Ubump,PAD70GU_SL,R270,0.0,1174.5,D2D_TX_1[6],D2D_TX_1[6],none
BuPAD_D2D_TX_1_7,Ubump,PAD70NU_SL,R270,0.0,1109.5,D2D_TX_1[7],D2D_TX_1[7],none
BuPAD_D2D_TX_CLK_1,Ubump,PAD70NU_SL,R270,0.0,1369.5,D2D_TX_CLK_1,D2D_TX_CLK_1,none
BuPAD_SCL1,Ubump,PAD70GU_SL,R270,0.0,1044.5,SCL1,SCL1,none
BuPAD_SDA1,Ubump,PAD70NU_SL,R270,0.0,979.5,SDA1,SDA1,none
BuPAD_VDDIO_L_0,Ubump,PAD70NU_SL,R270,0.0,1499.5,VDDIO_L_0,VDDIO_L_0,none
BuPAD_VDDIO_L_1,Ubump,PAD70GU_SL,R270,0.0,914.5,VDDIO_L_1,VDDIO_L_1,none
BuPAD_VDDIO_L_2,Ubump,PAD70GU_SL,R270,0.0,524.5,VDDIO_L_2,VDDIO_L_2,none
BuPAD_VSSIO_L_0,Ubump,PAD70GU_SL,R270,0.0,1434.5,VSSIO_L_0,VSSIO_L_0,none
BuPAD_VSSIO_L_1,Ubump,PAD70NU_SL,R270,0.0,849.5,VSSIO_L_1,VSSIO_L_1,none
BuPAD_VSSIO_L_2,Ubump,PAD70NU_SL,R270,0.0,459.5,VSSIO_L_2,VSSIO_L_2,none
BuPAD_D2D_RX_0_1,Ubump,PAD70NU_SL,R90,1322.37,1244.5,D2D_RX_0[1],D2D_RX_0[1],none
BuPAD_D2D_RX_0_3,Ubump,PAD70NU_SL,R90,1322.37,1374.5,D2D_RX_0[3],D2D_RX_0[3],none
BuPAD_D2D_RX_0_4,Ubump,PAD70NU_SL,R90,1322.37,1634.5,D2D_RX_0[4],D2D_RX_0[4],none
BuPAD_D2D_RX_0_6,Ubump,PAD70NU_SL,R90,1322.37,1764.5,D2D_RX_0[6],D2D_RX_0[6],none
BuPAD_D2D_TX_0_0,Ubump,PAD70NU_SL,R90,1322.37,204.5,D2D_TX_0[0],D2D_TX_0[0],none
BuPAD_D2D_TX_0_2,Ubump,PAD70NU_SL,R90,1322.37,334.5,D2D_TX_0[2],D2D_TX_0[2],none
BuPAD_D2D_TX_0_5,Ubump,PAD70NU_SL,R90,1322.37,724.5,D2D_TX_0[5],D2D_TX_0[5],none
BuPAD_D2D_TX_0_7,Ubump,PAD70NU_SL,R90,1322.37,854.5,D2D_TX_0[7],D2D_TX_0[7],none
BuPAD_D2D_TX_CLK_0,Ubump,PAD70NU_SL,R90,1322.37,594.5,D2D_TX_CLK_0,D2D_TX_CLK_0,none
BuPAD_SDA0,Ubump,PAD70NU_SL,R90,1322.37,984.5,SDA0,SDA0,none
BuPAD_VDDIO_R_0,Ubump,PAD70NU_SL,R90,1322.37,464.5,VDDIO_R_0,VDDIO_R_0,none
BuPAD_VSSIO_R_1,Ubump,PAD70NU_SL,R90,1322.37,1114.5,VSSIO_R_1,VSSIO_R_1,none
BuPAD_VSSIO_R_2,Ubump,PAD70NU_SL,R90,1322.37,1504.5,VSSIO_R_2,VSSIO_R_2,none
BuPAD_D2D_RESET_0,Ubump,PAD70GU_SL,R90,1526.37,139.5,D2D_RESET_0,D2D_RESET_0,none
BuPAD_D2D_RX_0_0,Ubump,PAD70GU_SL,R90,1526.37,1179.5,D2D_RX_0[0],D2D_RX_0[0],none
BuPAD_D2D_RX_0_2,Ubump,PAD70GU_SL,R90,1526.37,1309.5,D2D_RX_0[2],D2D_RX_0[2],none
BuPAD_D2D_RX_0_5,Ubump,PAD70GU_SL,R90,1526.37,1699.5,D2D_RX_0[5],D2D_RX_0[5],none
BuPAD_D2D_RX_0_7,Ubump,PAD70GU_SL,R90,1526.37,1829.5,D2D_RX_0[7],D2D_RX_0[7],none
BuPAD_D2D_RX_CLK_0,Ubump,PAD70GU_SL,R90,1526.37,1569.5,D2D_RX_CLK_0,D2D_RX_CLK_0,none
BuPAD_D2D_TX_0_1,Ubump,PAD70GU_SL,R90,1526.37,269.5,D2D_TX_0[1],D2D_TX_0[1],none
BuPAD_D2D_TX_0_3,Ubump,PAD70GU_SL,R90,1526.37,399.5,D2D_TX_0[3],D2D_TX_0[3],none
BuPAD_D2D_TX_0_4,Ubump,PAD70GU_SL,R90,1526.37,659.5,D2D_TX_0[4],D2D_TX_0[4],none
BuPAD_D2D_TX_0_6,Ubump,PAD70GU_SL,R90,1526.37,789.5,D2D_TX_0[6],D2D_TX_0[6],none
BuPAD_SCL0,Ubump,PAD70GU_SL,R90,1526.37,919.5,SCL0,SCL0,none
BuPAD_VDDIO_R_1,Ubump,PAD70GU_SL,R90,1526.37,1049.5,VDDIO_R_1,VDDIO_R_1,none
BuPAD_VDDIO_R_2,Ubump,PAD70GU_SL,R90,1526.37,1439.5,VDDIO_R_2,VDDIO_R_2,none
BuPAD_VSSIO_R_0,Ubump,PAD70GU_SL,R90,1526.37,529.5,VSSIO_R_0,VSSIO_R_0,none