Ubump_inst,Object_type,Reference_name,X_origin,Y_origin,Orientation,Port_name,Net_name,Comments
BuPAD_TL_TX_0_0,Ubump,PAD70GU_SL,1526.37,150.0,R270,TL_TX_0[0],TL_TX_0[0],none
BuPAD_TL_TX_0_1,Ubump,PAD70NU_SL,1322.37,217.0,R270,TL_TX_0[1],TL_TX_0[1],none
BuPAD_TL_TX_0_2,Ubump,PAD70GU_SL,1526.37,284.0,R270,TL_TX_0[2],TL_TX_0[2],none
BuPAD_TL_TX_0_3,Ubump,PAD70NU_SL,1322.37,351.0,R270,TL_TX_0[3],TL_TX_0[3],none
BuPAD_TL_CLK_TX_0,Ubump,PAD70GU_SL,1526.37,552.0,R270,TL_CLK_TX_0,TL_CLK_TX_0,none
BuPAD_TL_TX_0_4,Ubump,PAD70NU_SL,1322.37,619.0,R270,TL_TX_0[4],TL_TX_0[4],none
BuPAD_TL_TX_0_5,Ubump,PAD70GU_SL,1526.37,686.0,R270,TL_TX_0[5],TL_TX_0[5],none
BuPAD_TL_TX_0_6,Ubump,PAD70NU_SL,1322.37,753.0,R270,TL_TX_0[6],TL_TX_0[6],none
BuPAD_TL_TX_0_7,Ubump,PAD70GU_SL,1526.37,820.0,R270,TL_TX_0[7],TL_TX_0[7],none
BuPAD_I2C_SCL,Ubump,PAD70NU_SL,1322.37,887.0,R270,I2C_SCL,I2C_SCL,none
BuPAD_I2C_SDA,Ubump,PAD70GU_SL,1526.37,954.0,R270,I2C_SDA,I2C_SDA,none
BuPAD_TL_RX_0_0,Ubump,PAD70NU_SL,1322.37,1155.0,R270,TL_RX_0[0],TL_RX_0[0],none
BuPAD_TL_RX_0_1,Ubump,PAD70GU_SL,1526.37,1222.0,R270,TL_RX_0[1],TL_RX_0[1],none
BuPAD_TL_RX_0_2,Ubump,PAD70NU_SL,1322.37,1289.0,R270,TL_RX_0[2],TL_RX_0[2],none
BuPAD_TL_RX_0_3,Ubump,PAD70GU_SL,1526.37,1356.0,R270,TL_RX_0[3],TL_RX_0[3],none
BuPAD_TL_CLK_RX_0,Ubump,PAD70NU_SL,1322.37,1557.0,R270,TL_CLK_RX_0,TL_CLK_RX_0,none
BuPAD_TL_RX_0_4,Ubump,PAD70GU_SL,1526.37,1624.0,R270,TL_RX_0[4],TL_RX_0[4],none
BuPAD_TL_RX_0_5,Ubump,PAD70NU_SL,1322.37,1691.0,R270,TL_RX_0[5],TL_RX_0[5],none
BuPAD_TL_RX_0_6,Ubump,PAD70GU_SL,1526.37,1758.0,R270,TL_RX_0[6],TL_RX_0[6],none
BuPAD_TL_RX_0_7,Ubump,PAD70NU_SL,1322.37,1825.0,R270,TL_RX_0[7],TL_RX_0[7],none

BuPAD_TL_RX_1_7,Ubump,PAD70GU_SL,0.0,150.0,R270,TL_RX_1[7],TL_RX_1[7],none
BuPAD_TL_RX_1_6,Ubump,PAD70NU_SL,0.0,217.0,R270,TL_RX_1[6],TL_RX_1[6],none
BuPAD_TL_RX_1_5,Ubump,PAD70GU_SL,0.0,284.0,R270,TL_RX_1[5],TL_RX_1[5],none
BuPAD_TL_RX_1_4,Ubump,PAD70NU_SL,0.0,351.0,R270,TL_RX_1[4],TL_RX_1[4],none
BuPAD_TL_CLK_RX_1,Ubump,PAD70GU_SL,0.0,418.0,R270,TL_CLK_RX_1,TL_CLK_RX_1,none
BuPAD_TL_RX_1_3,Ubump,PAD70NU_SL,0.0,619.0,R270,TL_RX_1[3],TL_RX_1[3],none
BuPAD_TL_RX_1_2,Ubump,PAD70GU_SL,0.0,686.0,R270,TL_RX_1[2],TL_RX_1[2],none
BuPAD_TL_RX_1_1,Ubump,PAD70NU_SL,0.0,753.0,R270,TL_RX_1[1],TL_RX_1[1],none
BuPAD_TL_RX_1_0,Ubump,PAD70GU_SL,0.0,820.0,R270,TL_RX_1[0],TL_RX_1[0],none
BuPAD_I2C_SCL_1,Ubump,PAD70NU_SL,0.0,1021.0,R270,I2C_SCL_1,I2C_SCL_1,none
BuPAD_I2C_SDA_1,Ubump,PAD70GU_SL,0.0,1088.0,R270,I2C_SDA_1,I2C_SDA_1,none
BuPAD_TL_TX_1_7,Ubump,PAD70NU_SL,0.0,1155.0,R270,TL_TX_1[7],TL_TX_1[7],none
BuPAD_TL_TX_1_6,Ubump,PAD70GU_SL,0.0,1222.0,R270,TL_TX_1[6],TL_TX_1[6],none
BuPAD_TL_TX_1_5,Ubump,PAD70NU_SL,0.0,1289.0,R270,TL_TX_1[5],TL_TX_1[5],none
BuPAD_TL_TX_1_4,Ubump,PAD70GU_SL,0.0,1356.0,R270,TL_TX_1[4],TL_TX_1[4],none
BuPAD_TL_CLK_TX_1,Ubump,PAD70NU_SL,0.0,1423.0,R270,TL_CLK_TX_1,TL_CLK_TX_1,none
BuPAD_TL_TX_1_3,Ubump,PAD70GU_SL,0.0,1624.0,R270,TL_TX_1[3],TL_TX_1[3],none
BuPAD_TL_TX_1_2,Ubump,PAD70NU_SL,0.0,1691.0,R270,TL_TX_1[2],TL_TX_1[2],none
BuPAD_TL_TX_1_1,Ubump,PAD70GU_SL,0.0,1758.0,R270,TL_TX_1[1],TL_TX_1[1],none
BuPAD_TL_TX_1_0,Ubump,PAD70NU_SL,0.0,1825.0,R270,TL_TX_1[0],TL_TX_1[0],none
